{
  "envs": {
    "city_day": {
      "0_none": {
        "baseline_ate": 0.154622,
        "alwayson_ate": 0.10782,
        "adaptive_ate": 0.112593,
        "adaptive_delta_pct": 27.181772322179256,
        "armed_pct": 1.6591251885369533
      },
      "1_low": {
        "baseline_ate": 0.138074,
        "alwayson_ate": 0.144283,
        "adaptive_ate": 0.137738,
        "adaptive_delta_pct": 0.24334777003635946,
        "armed_pct": 1.9593067068575736
      },
      "2_mid": {
        "baseline_ate": 0.165965,
        "alwayson_ate": 0.167696,
        "adaptive_ate": 0.14817,
        "adaptive_delta_pct": 10.722140210285303,
        "armed_pct": 3.165033911077619
      },
      "3_high": {
        "baseline_ate": 0.456144,
        "alwayson_ate": 0.365759,
        "adaptive_ate": 0.225109,
        "adaptive_delta_pct": 50.64957557262619,
        "armed_pct": 10.968229954614221
      }
    },
    "city_night": {
      "0_none": {
        "baseline_ate": 0.421562,
        "alwayson_ate": 0.265812,
        "adaptive_ate": 0.376827,
        "adaptive_delta_pct": 10.61172496572271,
        "armed_pct": 6.634304207119741
      },
      "1_low": {
        "baseline_ate": 0.499836,
        "alwayson_ate": 0.556902,
        "adaptive_ate": 0.537162,
        "adaptive_delta_pct": -7.467649388999597,
        "armed_pct": 10.35598705501618
      },
      "2_mid": {
        "baseline_ate": 0.497065,
        "alwayson_ate": 0.551307,
        "adaptive_ate": 0.443952,
        "adaptive_delta_pct": 10.685322845100735,
        "armed_pct": 7.44336569579288
      },
      "3_high": {
        "baseline_ate": 0.884017,
        "alwayson_ate": 0.923228,
        "adaptive_ate": 0.890625,
        "adaptive_delta_pct": -0.7474969372760871,
        "armed_pct": 11.245954692556634
      }
    },
    "parking_lot": {
      "0_none": {
        "baseline_ate": 0.167125,
        "alwayson_ate": 0.126434,
        "adaptive_ate": 0.128317,
        "adaptive_delta_pct": 23.220942408376967,
        "armed_pct": 34.23044575273339
      },
      "1_low": {
        "baseline_ate": 0.117576,
        "alwayson_ate": 0.093261,
        "adaptive_ate": 0.10144,
        "adaptive_delta_pct": 13.72388922909437,
        "armed_pct": 35.34844668345928
      },
      "2_mid": {
        "baseline_ate": 0.144273,
        "alwayson_ate": 0.570968,
        "adaptive_ate": 0.116649,
        "adaptive_delta_pct": 19.14703374851844,
        "armed_pct": 58.15126050420168
      },
      "3_high": {
        "baseline_ate": 0.11933,
        "alwayson_ate": 0.148973,
        "adaptive_ate": 0.216898,
        "adaptive_delta_pct": -81.76317774239503,
        "armed_pct": 78.50545759865659
      }
    }
  },
  "detection": {
    "city_day": {
      "0_none": {
        "features": 144846,
        "matched": 144846,
        "matched_pct": 100.0,
        "n_dynamic": 0,
        "n_static": 144846,
        "dynamic_base_rate": 0.0,
        "tp": 0,
        "fp": 855,
        "fn": 0,
        "tn": 143991,
        "precision": 0.0,
        "precision_lift": null,
        "recall": null,
        "f1": null,
        "static_fpr": 0.00590282092705356,
        "ransac_outlier_rate_dynamic": null,
        "ransac_outlier_rate_static": 0.03409828369440647,
        "median_sampson_dynamic": null,
        "median_sampson_static": 0.0175397
      },
      "1_low": {
        "features": 144146,
        "matched": 144146,
        "matched_pct": 100.0,
        "n_dynamic": 113,
        "n_static": 144033,
        "dynamic_base_rate": 0.0007839274069346357,
        "tp": 23,
        "fp": 902,
        "fn": 90,
        "tn": 143131,
        "precision": 0.024864864864864864,
        "precision_lift": 31.718325759387703,
        "recall": 0.20353982300884957,
        "f1": 0.04431599229287091,
        "static_fpr": 0.0062624537432393965,
        "ransac_outlier_rate_dynamic": 0.3805309734513274,
        "ransac_outlier_rate_static": 0.0341657814528615,
        "median_sampson_dynamic": 0.250287,
        "median_sampson_static": 0.0170761
      },
      "2_mid": {
        "features": 142435,
        "matched": 142435,
        "matched_pct": 100.0,
        "n_dynamic": 1728,
        "n_static": 140707,
        "dynamic_base_rate": 0.01213184961561414,
        "tp": 151,
        "fp": 874,
        "fn": 1577,
        "tn": 139833,
        "precision": 0.1473170731707317,
        "precision_lift": 12.14300191960253,
        "recall": 0.08738425925925926,
        "f1": 0.10969851071558298,
        "static_fpr": 0.006211489122787068,
        "ransac_outlier_rate_dynamic": 0.21238425925925927,
        "ransac_outlier_rate_static": 0.036032322485732765,
        "median_sampson_dynamic": 0.0581293,
        "median_sampson_static": 0.0172316
      },
      "3_high": {
        "features": 136731,
        "matched": 136731,
        "matched_pct": 100.0,
        "n_dynamic": 5560,
        "n_static": 131171,
        "dynamic_base_rate": 0.04066378509628395,
        "tp": 495,
        "fp": 966,
        "fn": 5065,
        "tn": 130205,
        "precision": 0.33880903490759756,
        "precision_lift": 8.331960099271711,
        "recall": 0.08902877697841727,
        "f1": 0.1410055547642786,
        "static_fpr": 0.007364432687103095,
        "ransac_outlier_rate_dynamic": 0.21151079136690648,
        "ransac_outlier_rate_static": 0.0378208597937044,
        "median_sampson_dynamic": 0.0590304,
        "median_sampson_static": 0.0173888
      }
    },
    "city_night": {
      "0_none": {
        "features": 125160,
        "matched": 125160,
        "matched_pct": 100.0,
        "n_dynamic": 0,
        "n_static": 125160,
        "dynamic_base_rate": 0.0,
        "tp": 0,
        "fp": 965,
        "fn": 0,
        "tn": 124195,
        "precision": 0.0,
        "precision_lift": null,
        "recall": null,
        "f1": null,
        "static_fpr": 0.0077101310322786835,
        "ransac_outlier_rate_dynamic": null,
        "ransac_outlier_rate_static": 0.04911313518696069,
        "median_sampson_dynamic": null,
        "median_sampson_static": 0.0215358
      },
      "1_low": {
        "features": 124702,
        "matched": 124702,
        "matched_pct": 100.0,
        "n_dynamic": 1859,
        "n_static": 122843,
        "dynamic_base_rate": 0.014907539574345239,
        "tp": 16,
        "fp": 946,
        "fn": 1843,
        "tn": 121897,
        "precision": 0.016632016632016633,
        "precision_lift": 1.1156781807669383,
        "recall": 0.008606777837547068,
        "f1": 0.011343495214462955,
        "static_fpr": 0.007700886497399119,
        "ransac_outlier_rate_dynamic": 0.07530930607853685,
        "ransac_outlier_rate_static": 0.04984410996149557,
        "median_sampson_dynamic": 0.0345495,
        "median_sampson_static": 0.0222972
      },
      "2_mid": {
        "features": 123042,
        "matched": 123042,
        "matched_pct": 100.0,
        "n_dynamic": 2518,
        "n_static": 120524,
        "dynamic_base_rate": 0.020464556817997106,
        "tp": 60,
        "fp": 911,
        "fn": 2458,
        "tn": 119613,
        "precision": 0.061791967044284246,
        "precision_lift": 3.0194627518120822,
        "recall": 0.023828435266084195,
        "f1": 0.034393809114359415,
        "static_fpr": 0.007558660515747901,
        "ransac_outlier_rate_dynamic": 0.1358220810166799,
        "ransac_outlier_rate_static": 0.05050446384122664,
        "median_sampson_dynamic": 0.0472799,
        "median_sampson_static": 0.0229977
      },
      "3_high": {
        "features": 123604,
        "matched": 123604,
        "matched_pct": 100.0,
        "n_dynamic": 6100,
        "n_static": 117504,
        "dynamic_base_rate": 0.04935115368434678,
        "tp": 144,
        "fp": 866,
        "fn": 5956,
        "tn": 116638,
        "precision": 0.14257425742574256,
        "precision_lift": 2.8889751663690957,
        "recall": 0.02360655737704918,
        "f1": 0.04050632911392405,