{
  "viode": {
    "baseline": {
      "n_trials": 48,
      "peak_rss_mb": [
        124.7875,
        3.171003061598437
      ],
      "mean_cpu_pct": [
        116.84791666666666,
        4.575432109982133
      ],
      "peak_cpu_pct": [
        153.23125000000002,
        9.093774341319081
      ],
      "peak_threads": 35
    },
    "adaptive": {
      "n_trials": 48,
      "peak_rss_mb": [
        124.60416666666667,
        2.050910197665634
      ],
      "mean_cpu_pct": [
        140.45,
        20.846602441005423
      ],
      "peak_cpu_pct": [
        186.05208333333334,
        12.856159185116507
      ],
      "peak_threads": 35
    }
  },
  "euroc": {
    "baseline": {
      "n_trials": 15,
      "peak_rss_mb": [
        116.58666666666666,
        1.7917837171067514
      ],
      "mean_cpu_pct": [
        124.08666666666667,
        4.616328507470942
      ],
      "peak_cpu_pct": [
        160.04666666666668,
        5.132753213973524
      ],
      "peak_threads": 35
    },
    "adaptive": {
      "n_trials": 14,
      "peak_rss_mb": [
        117.04285714285714,
        1.546754337182164
      ],
      "mean_cpu_pct": [
        157.79285714285714,
        5.027561789875924
      ],
      "peak_cpu_pct": [
        205.62142857142857,
        8.382479906791017
      ],
      "peak_threads": 35
    }
  }
}
