{
  "viode": {
    "city_day/0_none": {
      "n_base": 5,
      "n_prop": 5,
      "mean_base": 0.118493,
      "mean_prop": 0.10938,
      "std_base": 0.01805850013705457,
      "std_prop": 7.869180389341849e-05,
      "improvement_pct": 7.690749664537143,
      "mean_diff": 0.009112999999999996,
      "ci95_lo": -0.015956079711211935,
      "ci95_hi": 0.03418207971121193,
      "welch_t": 1.0092658205250338,
      "welch_p": 0.36993930884229326,
      "mwu_U": 22.5,
      "mwu_p": 0.04520135297652211,
      "levene_p": 0.3496430745354454,
      "cohens_d": 0.6383157514835657,
      "cliffs_delta": 0.8,
      "std_ratio_base_over_prop": 229.48387562081192
    },
    "city_day/1_low": {
      "n_base": 5,
      "n_prop": 5,
      "mean_base": 0.1390456,
      "mean_prop": 0.13927599999999998,
      "std_base": 0.00032493482423403137,
      "std_prop": 3.0482782025265675e-05,
      "improvement_pct": -0.16570103620682117,
      "mean_diff": -0.00023039999999999172,
      "ci95_lo": -0.0006803887288280152,
      "ci95_hi": 0.00021958872882803173,
      "welch_t": -1.4119311730032673,
      "welch_p": 0.22964885308533145,
      "mwu_U": 7.5,
      "mwu_p": 0.33211197790172275,
      "levene_p": 0.2503642350490817,
      "cohens_d": -0.8929836812167135,
      "cliffs_delta": -0.4,
      "std_ratio_base_over_prop": 10.659618402438102
    },
    "city_day/2_mid": {
      "n_base": 5,
      "n_prop": 5,
      "mean_base": 0.1656188,
      "mean_prop": 0.1659636,
      "std_base": 0.0006301166241260381,
      "std_prop": 3.8556970835371196e-05,
      "improvement_pct": -0.20818892541183634,
      "mean_diff": -0.00034479999999997846,
      "ci95_lo": -0.0012186152268873149,
      "ci95_hi": 0.0005290152268873579,
      "welch_t": -1.0923574669344467,
      "welch_p": 0.33563260990626204,
      "mwu_U": 9.5,
      "mwu_p": 0.5992863303677124,
      "levene_p": 0.3412358441651717,
      "cohens_d": -0.6908675229208728,
      "cliffs_delta": -0.24,
      "std_ratio_base_over_prop": 16.342482577702523
    },
    "city_day/3_high": {
      "n_base": 5,
      "n_prop": 5,
      "mean_base": 0.3443614,
      "mean_prop": 0.2934036,
      "std_base": 0.0026637289351583915,
      "std_prop": 0.0004928068993023524,
      "improvement_pct": 14.797767694056303,
      "mean_diff": 0.0509578,
      "ci95_lo": 0.04729024158627928,
      "ci95_hi": 0.054625358413720716,
      "welch_t": 37.62206455787571,
      "welch_p": 1.4934249953150837e-06,
      "mwu_U": 25.0,
      "mwu_p": 0.0119252335930176,
      "levene_p": 0.34462732847638655,
      "cohens_d": 23.794282856156578,
      "cliffs_delta": 1.0,
      "std_ratio_base_over_prop": 5.4052184312543705
    },
    "city_night/0_none": {
      "n_base": 5,
      "n_prop": 5,
      "mean_base": 0.417846,
      "mean_prop": 0.3935268,
      "std_base": 4.0531469255386395e-05,
      "std_prop": 0.04871696871275963,
      "improvement_pct": 5.820134690771238,
      "mean_diff": 0.024319199999999985,
      "ci95_lo": -0.043310781143718155,
      "ci95_hi": 0.09194918114371813,
      "welch_t": 0.9983868958128953,
      "welch_p": 0.37459399829613726,
      "mwu_U": 11.0,
      "mwu_p": 0.8325188126792755,
      "levene_p": 0.34576162171355757,
      "cohens_d": 0.6314353153667933,
      "cliffs_delta": -0.12,
      "std_ratio_base_over_prop": 0.0008319784733398377
    },
    "city_night/1_low": {
      "n_base": 5,
      "n_prop": 5,
      "mean_base": 0.5046288,
      "mean_prop": 0.5000171999999999,
      "std_base": 0.009282213731648302,
      "std_prop": 1.7599999999995396e-05,
      "improvement_pct": 0.9138598510429943,
      "mean_diff": 0.004611600000000049,
      "ci95_lo": -0.008274165063222007,
      "ci95_hi": 0.017497365063222105,
      "welch_t": 0.9936404921388331,
      "welch_p": 0.37663957521706126,
      "mwu_U": 12.0,
      "mwu_p": 1.0,
      "levene_p": 0.3437110229845544,
      "cohens_d": 0.6284334261058693,
      "cliffs_delta": -0.04,
      "std_ratio_base_over_prop": 527.3985074801551
    },
    "city_night/2_mid": {
      "n_base": 5,
      "n_prop": 5,
      "mean_base": 0.4971218,
      "mean_prop": 0.5021988000000001,
      "std_base": 3.2590796246782414e-05,
      "std_prop": 0.010203600000000002,
      "improvement_pct": -1.0212788898012626,
      "mean_diff": -0.005077000000000054,
      "ci95_lo": -0.019241825911468384,
      "ci95_hi": 0.009087825911468277,
      "welch_t": -0.9951338944203931,
      "welch_p": 0.3759941248464851,
      "mwu_U": 12.0,
      "mwu_p": 1.0,
      "levene_p": 0.3489214953100972,
      "cohens_d": -0.6293779366404005,
      "cliffs_delta": -0.04,
      "std_ratio_base_over_prop": 0.003194048791287625
    },
    "city_night/3_high": {
      "n_base": 5,
      "n_prop": 5,
      "mean_base": 0.8842668,
      "mean_prop": 0.884148,
      "std_base": 0.00021854098013874702,
      "std_prop": 0.0001585761646654397,
      "improvement_pct": 0.013434859252883236,
      "mean_diff": 0.00011879999999997448,
      "ci95_lo": -0.00019781599381184353,
      "ci95_hi": 0.0004354159938117925,
      "welch_t": 0.8799604087074318,
      "welch_p": 0.406922598088704,
      "mwu_U": 14.0,
      "mwu_p": 0.830430722766367,
      "levene_p": 0.652325892169363,
      "cohens_d": 0.5565358284576296,
      "cliffs_delta": 0.12,
      "std_ratio_base_over_prop": 1.3781451998149892
    },
    "parking_lot/0_none": {
      "n_base": 5,
      "n_prop": 5,
      "mean_base": 0.167125,
      "mean_prop": 0.1672664,
      "std_base": 0.0,
      "std_prop": 0.0002903402142315103,
      "improvement_pct": -0.08460732984294016,
      "mean_diff": -0.00014140000000001374,
      "ci95_lo": -0.0005444568333225922,
      "ci95_hi": 0.00026165683332256474,
      "welch_t": -0.9740297283602404,
      "welch_p": 0.3851959221621514,
      "mwu_U": 15.0,
      "mwu_p": 0.6072355437741112,
      "levene_p": 0.33492919532554616,
      "cohens_d": -0.6160304900668135,
      "cliffs_delta": 0.2,
      "std_ratio_base_over_prop": 0.0
    },
    "parking_lot/1_low": {
      "n_base": 5,
      "n_prop": 5,
      "mean_base": 0.1175908,
      "mean_prop": 0.1248222,
      "std_base": 4.435042277137977e-05,
      "std_prop": 2.399999999996849e-06,
      "improvement_pct": -6.149630753426288,
      "mean_diff": -0.007231399999999999,
      "ci95_lo": -0.007292917009309624,
      "ci95_hi": -0.007169882990690374,
      "welch_t": -325.6264366727359,
      "welch_p": 4.779909158504431e-10,
      "mwu_U": 0.0,
      "mwu_p": 0.00878400037247741,
      "levene_p": 0.24836528567654287,
      "cohens_d": -205.94424125008524,
      "cliffs_delta": -1.0,
      "std_ratio_base_over_prop": 18.4793428214325
    },
    "parking_lot/2_mid": {
      "n_base": 5,
      "n_prop": 5,
      "mean_base": 0.144273,
      "mean_prop": 0.152287,
      "std_base": 0.0,
      "std_prop": 0.0,
      "improvement_pct": -5.554746903440002,
      "mean_diff": -0.008013999999999993,
      "ci95_lo": -0.008013999999999993,
      "ci95_hi": -0.008013999999999993,
      "welch_t": -Infinity,
      "welch_p": 0.0,
      "mwu_U": 0.0,
      "mwu_p": 0.003976751709788651,
      "levene_p": NaN,
      "cohens_d": Infinity,
      "cliffs_delta": -1.0,
      "std_ratio_base_over_prop": Infinity
    },
    "parking_lot/3_high": {
      "n_base": 5,
      "n_prop": 5,
      "mean_base": 0.1193298,
      "mean_prop": 0.1477712,
      "std_base": 4.0000000000040005e-07,
      "std_prop": 2.2842066456426837e-05,
      "improvement_pct": -23.834281126759613,
      "mean_diff": -0.02844139999999999,
      "ci95_lo": -0.028473107068531452,
      "ci95_hi": -0.02840969293146853,
      "welch_t": -2489.8833226590837,
      "welch_p": 1.5355274301886017e-13,
      "mwu_U": 0.0,
      "mwu_p": 0.009467354390313716,
      "levene_p": 0.14164702952957495,
      "cohens_d": -1574.7404815341274,
      "cliffs_delta": -1.0,
      "std_ratio_base_over_prop": 0.017511550487931276
    }
  },
  "euroc": {
    "MH_01_easy": {
      "n_base": 3,
      "n_prop": 3,